Name,Adresse,Öffnungszeiten,Bewertung,Kategorie
Schmuck & Design Susanne Schmidt,Frauenplan 7 99423 Weimar Germany,9:30-18:00,4.9/5 (30),Accessoires
Taschenliebelei,Wielandstraße 4 99423 Weimar Germany,10:00-17:00,5/5 (2),Accessoires
A. Pennewitz,Rittergasse 19 99423 Weimar Germany,10:00-14:00,4.2/5 (64),Accessoires
Taschen Tanten,Kaufstraße 15 99423 Weimar Germany,10:00-16:00,4.9/5 (10),Accessoires
WEIBO Manufakturen Weimar,Schillerstraße 2 99423 Weimar Germany,10:00-16:00,3.8/5 (9),Accessoires
Uhrsprung-Susanne Schmidt,Schillerstraße 14 99423 Weimar Germany,9:30-18:00,5/5 (3),Accessoires
Juwelier Oeke KG,Markt 22 99423 Weimar Germany,10:00-16:00,4.9/5 (113),Accessoires
Der Schmuckler,Windischenstraße 8 99423 Weimar Germany,11:00-16:00,5/5 (10),Accessoires
Goldschmiede Herbst,Am Palais 2 99423 Weimar Germany,10:00-13:00,4.5/5 (4),Accessoires
Nane Adam - Schmuckdesign,Rittergasse 1 99423 Weimar Germany,11:00-14:00,5/5 (7),Accessoires
Stadtelster - Illustration und Schmuck,Geleitstraße 8-12 99423 Weimar Germany,12:00-16:00,5/5 (12),Accessoires
Uhren und Schmuck Fischer,Heinrich-Heine-Straße 4 99423 Weimar Germany,9:00-14:00,4.3/5 (25),Accessoires
Maschen-Boutique,Lisztstraße 18 99423 Weimar Germany,10:00-12:00,n.a.,Bekleidung & Schuhe
Schneekleidchen & Hosenrot - nachhaltige Damenboutique,Windischenstraße 15 99423 Weimar Germany,10:00-16:00,4.9/5 (14),Bekleidung & Schuhe
LOVEAFAIR Organic Clothing,Markstraße 22 99423 Weimar Germany,10:00-18:00,5/5 (29),Bekleidung & Schuhe
Boutique I-Punkt,Herderplatz 9 99423 Weimar Germany,11:00-16:00,5/5 (4),Bekleidung & Schuhe
Alte Liebe Vintage,Geleitstraße 8 99423 Weimar Germany,10:00-18:00,5/5 (3),Bekleidung & Schuhe
schauschau - the ethical choice,Teichgasse 4 99423 Weimar Germany,10:00-16:00,4.9/5 (12),Bekleidung & Schuhe
Zum Kaiser,Friedensstraße 1 99423 Weimar Germany,10:00-18:00,4.5/5 (2),Bekleidung & Schuhe
Schuprofi Weimar,Schillerstraße 10 99423 Weimar Germany,10:00-19:00,3.6/5 (13),Bekleidung & Schuhe
No10 - ILONA MANTEY,Windischenstraße 10 99423 Weimar Germany,11:00-14:00,5/5 (5),Bekleidung & Schuhe
Schuhladen für Damen und Kinder,Windischenstraße 19 99423 Weimar Germany,10:00-15:00,4.9/5 (8),Bekleidung & Schuhe
Schuh TREFF by Seidenschur GmbH,Kaufstraße 17 99423 Weimar Germany,10:00-16:00,5/5 (3),Bekleidung & Schuhe
Mode & Design,Schillerstraße 14 99423 Weimar Germany,9:30-18:00,n.a.,Bekleidung & Schuhe
Cara Apfelkern,Herderplatz 4 99423 Weimar Germany,12:00-18:00,5/5 (1),Bekleidung & Schuhe
Gando Underwear,Friedensstraße 1 99423 Weimar Germany,10:00-20:00,5/5 (1),Bekleidung & Schuhe
STUDIO HELLER,Windischenstraße 14 99423 Weimar Germany,10:00-16:00,4.2/5 (5),Bekleidung & Schuhe
Lieblingsstücke,Windischenstraße 31 99423 Weimar Germany,10:00-16:00,4.8/5 (19),Bekleidung & Schuhe
Constanze Petzold,Neugasse 1 99423 Weimar Germany,10:00-16:00,n.a.,Bekleidung & Schuhe
Schnullerbacke,Bornberg 5 99423 Weimar Germany,10:00-12:00 ,5/5 (1),Bekleidung & Schuhe
Eckermann Bücher,Marktstraße 2 99423 Weimar Germany,10:00-18:00,4.7/5 (78),Bücher
Die Eule - Knabes VerlagsBücher,Frauentorstraße 9 99423 Weimar Germany,9:00-18:00,4.5/5 (22),Bücher
Hoffmann's Bücher,Schillerstraße 9 99423 Weimar Germany,9:30-18:00,4.4/5 (33),Bücher
Bücher Zwiebelfisch,Teichgasse 12A 99423 Weimar Germany,11:00-14:00,4.4/5 (36),Bücher
M BOOKS ,Marktstraße 16 99423 Weimar Germany,12:00-18:00,n.a.,Bücher
Schulbuchzettel24,Frauentorstraße 9-11 99423 Weimar Germany,10:00-18:00,n.a.,Bücher
Herderhof der Kirchenladen,Herderplatz 6 99423 Weimar Germany,10:00-14:00,3.5/5 (4),Bücher
Villa Taschenwerk,Geleitstraße 7 99423 Weimar Germany,10:00-12:00,4.8/5 (19),Geschenke
GinkgoShop,Windischenstraße 1 99423 Weimar Germany,10:00-17:00,4.8/5 (25),Geschenke
Sorpresa,Markt 5 99423 Weimar Germany,10:00-18:00,n.a.,Geschenke
Naturalienhandlung Peter Gensel,Schillerstraße 6 99423 Weimar Germany,11:00-17:00,4.7/5 (69),Geschenke
Blue Aqua Zoo,Schwanseestraße 1 99423 Weimar Germany,9:00-12:00,3.1/5 (27),Hobby
Musikhaus 19,Geleitstraße 19 99423 Weimar Germany,11:00-14:00,4.6/5 (18),Hobby
Musikhaus Plickert,Jakobstraße 22 99423 Weimar Germany,10:00-14:00,4.6/5 (61),Hobby
Bastelladen Fricke,Amalienstraße 17 99423 Weimar Germany,10:00-14:00,4.8/5 (292),Hobby
Artographie-Werkstatt,Marktstraße 5 99423 Weimar Germany,11:00-16:00,5/5 (6),Hobby
Stoff-Art,Eisfeld 3 99423 Weimar Germany,10:00-14:00,4.8/5 (46),Hobby
Verfilzt & Zugenäht,Jakobstraße 2 99423 Weimar Germany,11:00-15:00,4.9/5 (39),Hobby
Spielwarenfachgeschäft Max Schössler,Schützengasse 10 99423 Weimar Germany,9:30-15:00,4.7/5 (126),Spielzeug
Michaels Spielzeugland,Friedensstraße 1 99423 Weimar Germany,10:00-20:00,4.2/5 (54),Spielzeug
